{
  "model_name": "2qner-spandetect-vanilla",
  "dataset_dir": "dummy",
  "num_labels": 4,
  "do_train": true,
  "resume": null,
  "num_train_epochs": 300,
  "data_root": "../data",
  "out_root": "../out",
  "train_path": "train.tsv",
  "dev_path": "dev.tsv",
  "test_path": "test.tsv",
  "tag_vocab_path": "tag_vocab.txt",
  "tag_names_path": "tag_names.txt",
  "pad_tag": "[PAD]",
  "none_tag": "O",
  "max_seq_len": 256,
  "freeze_bert": false,
  "detect_spans": true,
  "query_type": "question4",
  "base_model": "bert-base-uncased",
  "evaluation_strategy": "steps",
  "logging_steps": 10,
  "save_total_limit": 2,
  "load_best_model_at_end": true,
  "metric_for_best_model": "micro_f1",
  "per_device_train_batch_size": 16,
  "per_device_eval_batch_size": 16,
  "learning_rate": 1e-5,
  "wandb_mode": "dryrun"
}
