using device: cuda:0
dataset using char embeddings
dataset using pattern embeddings
dataset using char embeddings
dataset using pattern embeddings
dataset using char embeddings
dataset using pattern embeddings
model using char embeddings
model using word embeddings
Loaded checkpoint: /mnt/storage/jatin/GitHub/summer2020/checkpoints/tmVarCorpus/tmvar-patcnn-word-pat-char/model-best.pth
Run Configuration:
------------------
name: tmvar-patcnn-word-pat-char
checkpoint_dir: /mnt/storage/jatin/GitHub/summer2020/checkpoints/tmVarCorpus
eval: best
query: False
data_dir: /mnt/storage/jatin/GitHub/tmVarCorpus
out_dir: /mnt/storage/jatin/GitHub/tmVarCorpus/quality/tmvar-patcnn-word-pat-char
train_path: /mnt/storage/jatin/GitHub/tmVarCorpus/train.tsv
dev_path: /mnt/storage/jatin/GitHub/tmVarCorpus/test.tsv
test_path: /mnt/storage/jatin/GitHub/tmVarCorpus/test.tsv
word_vocab_path: /mnt/storage/jatin/GitHub/tmVarCorpus/glove_vocab.txt
tags_path: /mnt/storage/jatin/GitHub/tmVarCorpus/tag_vocab.txt
emb_path: /mnt/storage/jatin/Embeddings/glove.6B.200d.txt
num_epochs: 500
batch_size: 128
word_emb_dim: 200
max_word_len: 30
max_seq_len: 60
conv1_dim: 128
conv2_dim: 256
fc1_dim: 512
kernel_size: 5
rand_embedding: False
no_char: False
no_pattern: False
no_word: False
lr: 0.001
seed: 123
use_cpu: False

Model Summary:
--------------
PatternCNN(
  (conv1): Conv1d(103, 128, kernel_size=(5,), stride=(1,))
  (conv2): Conv1d(128, 256, kernel_size=(5,), stride=(1,))
  (emb): Embedding(400002, 200)
  (fc1): Linear(in_features=5832, out_features=512, bias=True)
  (fc2): Linear(in_features=512, out_features=8, bias=True)
)
No. of trainable parameters: 83221144
Outputs published in file: /mnt/storage/jatin/GitHub/tmVarCorpus/quality/tmvar-patcnn-word-pat-char/train.out.tsv
TRAIN: Epoch: 84 | Token-Level Accuracy: 0.997 | Loss: 259.969
Entity-Level Metrics:
Tag	TP	FP	FN	Accuracy	Precision	Recall	F1
OVERALL (Macro)	595	279	282	0.758	0.763	0.759	0.758
OVERALL (Micro)	595	279	282	0.680	0.681	0.678	0.680
DNAMutation	225	117	181	0.602	0.658	0.554	0.602
ProteinMutation	277	162	100	0.679	0.631	0.735	0.679
SNP	93	0	1	0.995	1.000	0.989	0.995

Token-Level Metrics:
Tag	TP	FP	FN	Accuracy	Precision	Recall	F1
OVERALL (Macro)	1307	239	468	0.816	0.908	0.760	0.816
OVERALL (Micro)	1307	239	468	0.787	0.845	0.736	0.787
B-DNAMutation	338	4	68	0.904	0.988	0.833	0.904
B-ProteinMutation	368	71	9	0.902	0.838	0.976	0.902
B-SNP	93	0	1	0.995	1.000	0.989	0.995
I-DNAMutation	376	151	263	0.645	0.713	0.588	0.645
I-ProteinMutation	130	13	126	0.652	0.909	0.508	0.652
I-SNP	2	0	1	0.800	1.000	0.667	0.800

Token-Level (including 'other', 'pad' etc. ignored tags) Metrics:
Tag	TP	FP	FN	Accuracy	Precision	Recall	F1
OVERALL (Macro)	219414	666	666	0.862	0.931	0.820	0.862
OVERALL (Micro)	219414	666	666	0.997	0.997	0.997	0.997
B-DNAMutation	338	4	68	0.904	0.988	0.833	0.904
B-ProteinMutation	368	71	9	0.902	0.838	0.976	0.902
B-SNP	93	0	1	0.995	1.000	0.989	0.995
I-DNAMutation	376	151	263	0.645	0.713	0.588	0.645
I-ProteinMutation	130	13	126	0.652	0.909	0.508	0.652
I-SNP	2	0	1	0.800	1.000	0.667	0.800
O	90794	427	198	0.997	0.995	0.998	0.997
<PAD>	127313	0	0	1.000	1.000	1.000	1.000

Outputs published in file: /mnt/storage/jatin/GitHub/tmVarCorpus/quality/tmvar-patcnn-word-pat-char/dev.out.tsv
DEV: Epoch: 84 | Token-Level Accuracy: 0.995 | Loss: 305.611
Entity-Level Metrics:
Tag	TP	FP	FN	Accuracy	Precision	Recall	F1
OVERALL (Macro)	215	154	212	0.660	0.688	0.637	0.660
OVERALL (Micro)	215	154	212	0.540	0.583	0.504	0.540
DNAMutation	77	79	121	0.435	0.494	0.389	0.435
ProteinMutation	99	75	91	0.544	0.569	0.521	0.544
SNP	39	0	0	1.000	1.000	1.000	1.000

Token-Level Metrics:
Tag	TP	FP	FN	Accuracy	Precision	Recall	F1
OVERALL (Macro)	478	266	384	0.528	0.562	0.501	0.528
OVERALL (Micro)	478	266	384	0.595	0.642	0.555	0.595
B-DNAMutation	114	42	84	0.644	0.731	0.576	0.644
B-ProteinMutation	127	47	63	0.698	0.730	0.668	0.698
B-SNP	39	0	0	1.000	1.000	1.000	1.000
I-DNAMutation	174	128	163	0.545	0.576	0.516	0.545
I-ProteinMutation	24	48	74	0.282	0.333	0.245	0.282
I-SNP	0	1	0	0.000	0.000	0.000	0.000

Token-Level (including 'other', 'pad' etc. ignored tags) Metrics:
Tag	TP	FP	FN	Accuracy	Precision	Recall	F1
OVERALL (Macro)	105786	534	534	0.646	0.671	0.625	0.646
OVERALL (Micro)	105786	534	534	0.995	0.995	0.995	0.995
B-DNAMutation	114	42	84	0.644	0.731	0.576	0.644
B-ProteinMutation	127	47	63	0.698	0.730	0.668	0.698
B-SNP	39	0	0	1.000	1.000	1.000	1.000
I-DNAMutation	174	128	163	0.545	0.576	0.516	0.545
I-ProteinMutation	24	48	74	0.282	0.333	0.245	0.282
I-SNP	0	1	0	0.000	0.000	0.000	0.000
O	43514	264	150	0.995	0.994	0.997	0.995
<PAD>	61794	4	0	1.000	1.000	1.000	1.000

Outputs published in file: /mnt/storage/jatin/GitHub/tmVarCorpus/quality/tmvar-patcnn-word-pat-char/test.out.tsv
TEST: Epoch: 84 | Token-Level Accuracy: 0.995 | Loss: 305.611
Entity-Level Metrics:
Tag	TP	FP	FN	Accuracy	Precision	Recall	F1
OVERALL (Macro)	215	154	212	0.660	0.688	0.637	0.660
OVERALL (Micro)	215	154	212	0.540	0.583	0.504	0.540
DNAMutation	77	79	121	0.435	0.494	0.389	0.435
ProteinMutation	99	75	91	0.544	0.569	0.521	0.544
SNP	39	0	0	1.000	1.000	1.000	1.000

Token-Level Metrics:
Tag	TP	FP	FN	Accuracy	Precision	Recall	F1
OVERALL (Macro)	478	266	384	0.528	0.562	0.501	0.528
OVERALL (Micro)	478	266	384	0.595	0.642	0.555	0.595
B-DNAMutation	114	42	84	0.644	0.731	0.576	0.644
B-ProteinMutation	127	47	63	0.698	0.730	0.668	0.698
B-SNP	39	0	0	1.000	1.000	1.000	1.000
I-DNAMutation	174	128	163	0.545	0.576	0.516	0.545
I-ProteinMutation	24	48	74	0.282	0.333	0.245	0.282
I-SNP	0	1	0	0.000	0.000	0.000	0.000

Token-Level (including 'other', 'pad' etc. ignored tags) Metrics:
Tag	TP	FP	FN	Accuracy	Precision	Recall	F1
OVERALL (Macro)	105786	534	534	0.646	0.671	0.625	0.646
OVERALL (Micro)	105786	534	534	0.995	0.995	0.995	0.995
B-DNAMutation	114	42	84	0.644	0.731	0.576	0.644
B-ProteinMutation	127	47	63	0.698	0.730	0.668	0.698
B-SNP	39	0	0	1.000	1.000	1.000	1.000
I-DNAMutation	174	128	163	0.545	0.576	0.516	0.545
I-ProteinMutation	24	48	74	0.282	0.333	0.245	0.282
I-SNP	0	1	0	0.000	0.000	0.000	0.000
O	43514	264	150	0.995	0.994	0.997	0.995
<PAD>	61794	4	0	1.000	1.000	1.000	1.000

