Aldosterone-specific	B-G#protein_family_or_group
membrane	I-G#protein_family_or_group
receptors	I-G#protein_family_or_group
and	O
rapid	O
non-genomic	O
actions	O
of	O
mineralocorticoids	B-G#lipid
.	O

The	O
decreased	O
affinity	O
of	O
the	O
glucocorticoid	B-G#protein_family_or_group
receptor	I-G#protein_family_or_group
together	O
with	O
the	O
negative	O
correlation	O
between	O
hyperthermia	B-G#other_name
and	O
the	O
number	O
of	O
glucocorticoid	B-G#protein_family_or_group
receptors	I-G#protein_family_or_group
in	O
patients	O
with	O
sepsis	B-G#other_name
or	O
septic	B-G#other_name
shock	I-G#other_name
suggest	O
that	O
hypothalamic-pituitary-adrenal	B-G#body_part
axis	I-G#body_part
activation	O
during	O
critical	O
illness	O
is	O
accompanied	O
by	O
peripheral	O
adaptation	O
in	O
glucocorticoid	B-G#protein_family_or_group
receptor	I-G#protein_family_or_group
number	O
and	O
affinity	O
.	O

Using	O
deletion	O
mutants	O
and	O
specific	O
CD4	B-G#DNA_domain_or_region
promoter	I-G#DNA_domain_or_region
mutants	O
,	O
we	O
identified	O
an	O
ATF/CRE	B-G#DNA_domain_or_region
binding	O
site	O
located	O
at	O
nucleotides	O
-67	O
to	O
-60	O
upstream	O
of	O
the	O
CD4	B-G#DNA_domain_or_region
gene	I-G#DNA_domain_or_region
transcription	B-(AND G#protein_complex G#protein_complex)
start	O
site	O
that	O
is	O
important	O
for	O
HHV-6	B-G#virus
transactivation	O
.	O

To	O
determine	O
whether	O
such	O
transdominant	O
Rev	I-G#protein_family_or_group
proteins	O
could	O
provide	O
long-term	O
protection	O
against	O
HIV	B-G#virus
infection	B-(AND G#protein_complex G#protein_complex)
without	O
affecting	O
T	B-G#other_name
cell	I-G#other_name
function	I-G#other_name
,	O
T	B-G#cell_line
leukemia	I-G#cell_line
cell	I-G#cell_line
lines	O
were	O
stably	O
transduced	O
with	O
a	O
retroviral	B-G#DNA_molecule
vector	I-G#DNA_molecule
encoding	O
a	O
transdominant	O
mutant	O
of	O
the	O
Rev	B-G#protein_molecule
protein	O
,	O
M10	B-G#protein_molecule
.	O

Two	O
explanations	O
for	O
hyporesponsiveness	O
of	O
the	O
human	O
iNOS	O
promoter	O
to	O
LPS	B-G#lipid
+/-	O
IFN-gamma	O
were	O
found	O
:	O
(	O
1	O
)	O
multiple	O
inactivating	O
nucleotide	O
substitutions	O
in	O
the	O
human	O
counterpart	O
of	O
the	O
enhancer	O
element	O
that	O
has	O
been	O
shown	O
to	O
regulate	O
LPS	B-G#lipid
/	O
IFN-gamma	O
induced	O
expression	O
of	O
the	O
mouse	O
iNOS	O
gene	O
;	O
and	O
(	O
2	O
)	O
and	O
absence	O
of	O
one	O
or	O
more	O
nuclear	O
factors	O

The	O
forms	O
produced	O
in	O
B	B-G#cell_type
lymphocytes	I-G#cell_type
have	O
a	O
predominantly	O
activating	O
effect	O
on	O
gene	B-G#other_name
expression	O
whereas	O
those	O
produced	O
in	O
neuronal	B-G#cell_type
cells	O
have	O
a	O
predominantly	O
inhibitory	O
effect	O
and	O
can	O
repress	O
the	O
expression	O
of	O
both	O
the	O
herpes	B-G#virus
simplex	I-G#virus
virus	I-G#virus
immediate-early	O
genes	O
and	O
the	O
cellular	B-(AND G#protein_complex G#protein_complex)
tyrosine	B-G#protein_molecule
hydroxylase	I-G#protein_molecule
gene	O
.	O

(	O
ABSTRACT	O
TRUNCATED	O
AT	O
250	O
WORDS	O
)	O

p50.c-rel	O
heterodimers	O
were	O
also	O
detected	O
bound	O
to	O
this	O
sequence	O
at	O
early	O
time	O
points	O
(	O
7-16	O
h	O
;	O
early	O
)	O
,	O
and	O
both	O
remained	O
active	O
at	O
later	O
time	O
points	O
(	O
40	O
h	O
;	O
late	O
)	O
after	O
activation	O
.	O

The	O
transcription	B-G#protein_family_or_group
factor	O
,	O
NF-kappaB	B-G#protein_complex
,	O
is	O
important	O
for	O
T-cell	B-G#other_name
activation	I-G#other_name
,	O
B-cell	B-G#other_name
maturation	I-G#other_name
,	O
and	O
human	B-G#virus
immunodeficiency	I-G#virus
virus	I-G#virus
transcription	O
and	O
plays	O
a	O
role	O
in	O
alternatively	O
mediating	O
and	O
protecting	O
against	O
apoptosis	O
in	O
a	O
variety	O
of	O
cell	B-(AND G#protein_complex G#protein_complex)
types	O
.	O

Nuclear	O
run-on	O
experiments	O
showed	O
that	O
THP	O
inhibited	O
transcription	O
of	O
the	O
IL-1	B-G#protein_molecule
beta	B-(AND G#protein_complex G#protein_complex)
gene	O
.	O

