using device: cuda:0
dataset using char embeddings
dataset using pattern embeddings
dataset using char embeddings
dataset using pattern embeddings
dataset using char embeddings
dataset using pattern embeddings
model using char embeddings
model using word embeddings
Loaded checkpoint: /mnt/storage/jatin/GitHub/summer2020/checkpoints/CoNLL2003/conll-patcnn-word-pat-char/model-best.pth
Run Configuration:
------------------
name: conll-patcnn-word-pat-char
checkpoint_dir: /mnt/storage/jatin/GitHub/summer2020/checkpoints/CoNLL2003
eval: best
query: False
data_dir: /mnt/storage/jatin/GitHub/CoNLL2003
out_dir: /mnt/storage/jatin/GitHub/CoNLL2003/quality/conll-patcnn-word-pat-char
train_path: /mnt/storage/jatin/GitHub/CoNLL2003/train.tsv
dev_path: /mnt/storage/jatin/GitHub/CoNLL2003/dev.tsv
test_path: /mnt/storage/jatin/GitHub/CoNLL2003/test.tsv
word_vocab_path: /mnt/storage/jatin/GitHub/CoNLL2003/glove_vocab.txt
tags_path: /mnt/storage/jatin/GitHub/CoNLL2003/tag_vocab.txt
emb_path: /mnt/storage/jatin/Embeddings/glove.6B.200d.txt
num_epochs: 500
batch_size: 128
word_emb_dim: 200
max_word_len: 30
max_seq_len: 60
conv1_dim: 128
conv2_dim: 256
use_maxpool: False
fc1_dim: 512
kernel_size: 5
rand_embedding: False
no_char: False
no_pattern: False
no_word: False
lr: 0.001
seed: 123
use_cpu: False

Model Summary:
--------------
PatternCNN(
  (conv1): Conv1d(103, 128, kernel_size=(5,), stride=(1,))
  (conv2): Conv1d(128, 256, kernel_size=(5,), stride=(1,))
  (emb): Embedding(400002, 200)
  (fc1): Linear(in_features=5832, out_features=512, bias=True)
  (fc2): Linear(in_features=512, out_features=10, bias=True)
)
No. of trainable parameters: 83222170
Outputs published in file: /mnt/storage/jatin/GitHub/CoNLL2003/quality/conll-patcnn-word-pat-char/train.out.tsv
TRAIN: Epoch: 35 | Token-Level Accuracy: 0.994 | Loss: 1410.953
Entity-Level Metrics:
Tag	TP	FP	FN	Accuracy	Precision	Recall	F1
OVERALL (Macro)	19397	3872	4097	0.826	0.831	0.823	0.826
OVERALL (Micro)	19397	3872	4097	0.830	0.834	0.826	0.830
LOC	6498	961	642	0.890	0.871	0.910	0.890
MISC	2813	596	625	0.822	0.825	0.818	0.822
ORG	4982	1170	1337	0.799	0.810	0.788	0.799
PER	5104	1145	1493	0.795	0.817	0.774	0.795

Token-Level Metrics:
Tag	TP	FP	FN	Accuracy	Precision	Recall	F1
OVERALL (Macro)	29074	4615	4960	0.834	0.844	0.826	0.834
OVERALL (Micro)	29074	4615	4960	0.859	0.863	0.854	0.859
B-LOC	6588	871	552	0.903	0.883	0.923	0.903
B-MISC	3037	372	401	0.887	0.891	0.883	0.887
B-ORG	5380	772	939	0.863	0.875	0.851	0.863
B-PER	5667	582	930	0.882	0.907	0.859	0.882
I-LOC	928	279	229	0.785	0.769	0.802	0.785
I-MISC	779	200	376	0.730	0.796	0.674	0.730
I-ORG	2760	582	944	0.783	0.826	0.745	0.783
I-PER	3935	957	589	0.836	0.804	0.870	0.836

Token-Level (including 'other', 'pad' etc. ignored tags) Metrics:
Tag	TP	FP	FN	Accuracy	Precision	Recall	F1
OVERALL (Macro)	837000	5400	5400	0.867	0.875	0.861	0.867
OVERALL (Micro)	837000	5400	5400	0.994	0.994	0.994	0.994
B-LOC	6588	871	552	0.903	0.883	0.923	0.903
B-MISC	3037	372	401	0.887	0.891	0.883	0.887
B-ORG	5380	772	939	0.863	0.875	0.851	0.863
B-PER	5667	582	930	0.882	0.907	0.859	0.882
I-LOC	928	279	229	0.785	0.769	0.802	0.785
I-MISC	779	200	376	0.730	0.796	0.674	0.730
I-ORG	2760	582	944	0.783	0.826	0.745	0.783
I-PER	3935	957	589	0.836	0.804	0.870	0.836
O	169061	785	440	0.996	0.995	0.997	0.996
<PAD>	638865	0	0	1.000	1.000	1.000	1.000

Outputs published in file: /mnt/storage/jatin/GitHub/CoNLL2003/quality/conll-patcnn-word-pat-char/dev.out.tsv
DEV: Epoch: 35 | Token-Level Accuracy: 0.988 | Loss: 983.105
Entity-Level Metrics:
Tag	TP	FP	FN	Accuracy	Precision	Recall	F1
OVERALL (Macro)	4165	1518	1741	0.715	0.728	0.703	0.715
OVERALL (Micro)	4165	1518	1741	0.719	0.733	0.705	0.719
LOC	1577	321	260	0.844	0.831	0.858	0.844
MISC	673	213	247	0.745	0.760	0.732	0.745
ORG	853	453	487	0.645	0.653	0.637	0.645
PER	1062	531	747	0.624	0.667	0.587	0.624

Token-Level Metrics:
Tag	TP	FP	FN	Accuracy	Precision	Recall	F1
OVERALL (Macro)	6313	2007	2213	0.714	0.742	0.698	0.714
OVERALL (Micro)	6313	2007	2213	0.749	0.759	0.740	0.749
B-LOC	1603	295	234	0.858	0.845	0.873	0.858
B-MISC	729	157	191	0.807	0.823	0.792	0.807
B-ORG	971	335	369	0.734	0.743	0.725	0.734
B-PER	1308	285	501	0.769	0.821	0.723	0.769
I-LOC	181	83	76	0.695	0.686	0.704	0.695
I-MISC	171	52	173	0.603	0.767	0.497	0.603
I-ORG	380	234	370	0.557	0.619	0.507	0.557
I-PER	970	566	299	0.692	0.632	0.764	0.692

Token-Level (including 'other', 'pad' etc. ignored tags) Metrics:
Tag	TP	FP	FN	Accuracy	Precision	Recall	F1
OVERALL (Macro)	192525	2415	2415	0.771	0.793	0.758	0.771
OVERALL (Micro)	192525	2415	2415	0.988	0.988	0.988	0.988
B-LOC	1603	295	234	0.858	0.845	0.873	0.858
B-MISC	729	157	191	0.807	0.823	0.792	0.807
B-ORG	971	335	369	0.734	0.743	0.725	0.734
B-PER	1308	285	501	0.769	0.821	0.723	0.769
I-LOC	181	83	76	0.695	0.686	0.704	0.695
I-MISC	171	52	173	0.603	0.767	0.497	0.603
I-ORG	380	234	370	0.557	0.619	0.507	0.557
I-PER	970	566	299	0.692	0.632	0.764	0.692
O	42413	408	202	0.993	0.990	0.995	0.993
<PAD>	143799	0	0	1.000	1.000	1.000	1.000

Outputs published in file: /mnt/storage/jatin/GitHub/CoNLL2003/quality/conll-patcnn-word-pat-char/test.out.tsv
TEST: Epoch: 35 | Token-Level Accuracy: 0.985 | Loss: 1203.554
Entity-Level Metrics:
Tag	TP	FP	FN	Accuracy	Precision	Recall	F1
OVERALL (Macro)	3488	1911	2125	0.631	0.641	0.627	0.631
OVERALL (Micro)	3488	1911	2125	0.633	0.646	0.621	0.633
LOC	1389	513	270	0.780	0.730	0.837	0.780
MISC	473	233	228	0.672	0.670	0.675	0.672
ORG	908	601	751	0.573	0.602	0.547	0.573
PER	718	564	876	0.499	0.560	0.450	0.499

Token-Level Metrics:
Tag	TP	FP	FN	Accuracy	Precision	Recall	F1
OVERALL (Macro)	5431	2630	2612	0.647	0.647	0.652	0.647
OVERALL (Micro)	5431	2630	2612	0.674	0.674	0.675	0.674
B-LOC	1431	471	228	0.804	0.752	0.863	0.804
B-MISC	504	202	197	0.716	0.714	0.719	0.716
B-ORG	1043	466	616	0.658	0.691	0.629	0.658
B-PER	978	304	616	0.680	0.763	0.614	0.680
I-LOC	150	107	105	0.586	0.584	0.588	0.586
I-MISC	131	98	83	0.591	0.572	0.612	0.591
I-ORG	424	352	406	0.528	0.546	0.511	0.528
I-PER	770	630	361	0.608	0.550	0.681	0.608

Token-Level (including 'other', 'pad' etc. ignored tags) Metrics:
Tag	TP	FP	FN	Accuracy	Precision	Recall	F1
OVERALL (Macro)	204049	3071	3071	0.716	0.716	0.720	0.716
OVERALL (Micro)	204049	3071	3071	0.985	0.985	0.985	0.985
B-LOC	1431	471	228	0.804	0.752	0.863	0.804
B-MISC	504	202	197	0.716	0.714	0.719	0.716
B-ORG	1043	466	616	0.658	0.691	0.629	0.658
B-PER	978	304	616	0.680	0.763	0.614	0.680
I-LOC	150	107	105	0.586	0.584	0.588	0.586
I-MISC	131	98	83	0.591	0.572	0.612	0.591
I-ORG	424	352	406	0.528	0.546	0.511	0.528
I-PER	770	630	361	0.608	0.550	0.681	0.608
O	37749	440	459	0.988	0.988	0.988	0.988
<PAD>	160869	1	0	1.000	1.000	1.000	1.000

