Property/Tag,Corpus,Train,Dev,Test
Unique Tokens,19628,15478,9199,9224
B-(AND G#cell_type G#cell_type),1,1,0,0
B-(AND G#protein_complex G#protein_complex),1,0,0,1
B-G#DNA_N/A,47,30,9,8
B-G#DNA_domain_or_region,6095,3721,1151,1223
B-G#DNA_family_or_group,1309,765,263,281
B-G#DNA_molecule,378,224,69,85
B-G#DNA_substructure,99,61,16,22
B-G#RNA_N/A,14,11,2,1
B-G#RNA_domain_or_region,31,20,6,5
B-G#RNA_family_or_group,235,152,40,43
B-G#RNA_molecule,232,133,48,51
B-G#RNA_substructure,2,0,0,2
B-G#amino_acid_monomer,761,456,169,136
B-G#atom,324,183,78,63
B-G#body_part,424,231,97,96
B-G#carbohydrate,89,53,24,12
B-G#cell_component,612,383,112,117
B-G#cell_line,3288,1970,644,674
B-G#cell_type,6512,4002,1248,1262
B-G#inorganic,246,152,44,50
B-G#lipid,2299,1349,467,483
B-G#mono_cell,221,125,45,51
B-G#multi_cell,1575,958,307,310
B-G#nucleotide,235,141,46,48
B-G#other_artificial_source,158,84,36,38
B-G#other_name,12420,7479,2492,2449
B-G#other_organic_compound,3897,2354,772,771
B-G#peptide,474,280,107,87
B-G#polynucleotide,240,119,66,55
B-G#protein_N/A,85,50,20,15
B-G#protein_complex,2093,1252,427,414
B-G#protein_domain_or_region,858,515,177,166
B-G#protein_family_or_group,7342,4402,1417,1523
B-G#protein_molecule,20402,12074,4153,4175
B-G#protein_substructure,117,65,24,28
B-G#protein_subunit,803,470,180,153
B-G#tissue,641,374,143,124
B-G#virus,2057,1223,431,403
I-(AND G#cell_type G#cell_type),4,4,0,0
I-(AND G#protein_complex G#protein_complex),6,0,0,6
I-G#DNA_N/A,52,34,6,12
I-G#DNA_domain_or_region,7095,4410,1305,1380
I-G#DNA_family_or_group,1689,996,352,341
I-G#DNA_molecule,458,281,77,100
I-G#DNA_substructure,134,79,22,33
I-G#RNA_N/A,5,5,0,0
I-G#RNA_domain_or_region,30,21,5,4
I-G#RNA_family_or_group,167,113,23,31
I-G#RNA_molecule,287,165,47,75
I-G#RNA_substructure,1,0,0,1
I-G#amino_acid_monomer,92,62,16,14
I-G#atom,47,29,8,10
I-G#body_part,292,164,60,68
I-G#carbohydrate,32,21,8,3
I-G#cell_component,405,245,68,92
I-G#cell_line,5227,3132,1045,1050
I-G#cell_type,7004,4277,1320,1407
I-G#inorganic,109,66,18,25
I-G#lipid,439,252,90,97
I-G#mono_cell,183,103,38,42
I-G#multi_cell,716,438,121,157
I-G#nucleotide,59,36,9,14
I-G#other_artificial_source,176,95,42,39
I-G#other_name,13191,7977,2630,2584
I-G#other_organic_compound,1700,989,339,372
I-G#peptide,254,152,52,50
I-G#polynucleotide,159,84,44,31
I-G#protein_N/A,103,63,26,14
I-G#protein_complex,1619,1007,285,327
I-G#protein_domain_or_region,1150,716,233,201
I-G#protein_family_or_group,7091,4211,1379,1501
I-G#protein_molecule,8136,4916,1523,1697
I-G#protein_substructure,122,72,23,27
I-G#protein_subunit,627,344,128,155
I-G#tissue,616,376,128,112
I-G#virus,1489,888,295,306
O,353195,211716,70248,71231
<EOS>,18546,11127,3709,3710
corpus path: ../../../GENIA_term_3.02/corpus.tsv
train path: ../../../GENIA_term_3.02/train.tsv
dev path: ../../../GENIA_term_3.02/dev.tsv
test path: ../../../GENIA_term_3.02/test.tsv