Property/Tag,Corpus,Train,Dev,Test
Unique Tokens,19625,17875,5868,6363
B-G#DNA,7928,6459,720,749
B-G#RNA,514,417,47,50
B-G#cell_line,3288,2643,327,318
B-G#cell_type,6512,5278,596,638
B-G#protein,31700,25573,2811,3316
I-G#DNA,9428,7597,861,970
I-G#RNA,490,389,62,39
I-G#cell_line,5227,4195,516,516
I-G#cell_type,7004,5725,580,699
I-G#protein,18848,15331,1647,1870
O,399839,323536,35810,40493
Avg. Sentence Length: 26.463
Max Sentence Length: 174
Avg. Word Length: 5.223
Max Word Length: 156
corpus path: ../../../GENIA_term_3.02/std_corpus.tsv
train path: ../../../GENIA_term_3.02/std_train.tsv
dev path: ../../../GENIA_term_3.02/std_dev.tsv
test path: ../../../GENIA_term_3.02/std_test.tsv