G#DNA_N/A,G#DNA_substructure (0.539),G#DNA_domain_or_region (0.550),G#DNA_molecule (0.589)
G#DNA_domain_or_region,G#DNA_family_or_group (0.217),G#DNA_substructure (0.310),G#DNA_molecule (0.330)
G#DNA_family_or_group,G#DNA_domain_or_region (0.217),G#DNA_molecule (0.394),G#protein_family_or_group (0.498)
G#DNA_molecule,G#DNA_domain_or_region (0.330),G#DNA_family_or_group (0.394),G#polynucleotide (0.573)
G#DNA_substructure,G#DNA_domain_or_region (0.310),G#polynucleotide (0.436),G#DNA_family_or_group (0.502)
G#RNA_N/A,G#RNA_molecule (0.504),G#RNA_family_or_group (0.542),G#cell_type (0.605)
G#RNA_domain_or_region,G#DNA_molecule (0.607),G#DNA_domain_or_region (0.625),G#RNA_family_or_group (0.669)
G#RNA_family_or_group,G#RNA_molecule (0.196),G#RNA_N/A (0.542),G#protein_molecule (0.621)
G#RNA_molecule,G#RNA_family_or_group (0.196),G#RNA_N/A (0.504),G#DNA_molecule (0.639)
G#amino_acid_monomer,G#protein_domain_or_region (0.470),G#peptide (0.517),G#protein_molecule (0.583)
G#atom,G#other_organic_compound (0.518),G#nucleotide (0.603),G#protein_molecule (0.641)
G#body_part,G#tissue (0.292),G#cell_type (0.565),G#multi_cell (0.621)
G#carbohydrate,G#protein_molecule (0.627),G#mono_cell (0.641),G#protein_family_or_group (0.658)
G#cell_component,G#protein_complex (0.643),G#cell_type (0.734),G#protein_subunit (0.734)
G#cell_line,G#cell_type (0.472),G#other_artificial_source (0.531),G#protein_molecule (0.533)
G#cell_type,G#tissue (0.420),G#other_name (0.460),G#cell_line (0.472)
G#inorganic,G#other_organic_compound (0.364),G#protein_complex (0.547),G#lipid (0.669)
G#lipid,G#other_organic_compound (0.475),G#cell_type (0.594),G#other_name (0.648)
G#mono_cell,G#virus (0.618),G#carbohydrate (0.641),G#cell_type (0.671)
G#multi_cell,G#tissue (0.409),G#other_name (0.441),G#cell_type (0.587)
G#nucleotide,G#protein_molecule (0.580),G#atom (0.603),G#protein_family_or_group (0.619)
G#other_artificial_source,G#cell_line (0.531),G#DNA_molecule (0.639),G#virus (0.683)
G#other_name,G#multi_cell (0.441),G#cell_type (0.460),G#tissue (0.498)
G#other_organic_compound,G#inorganic (0.364),G#lipid (0.475),G#atom (0.518)
G#peptide,G#amino_acid_monomer (0.517),G#protein_substructure (0.542),G#protein_domain_or_region (0.613)
G#polynucleotide,G#DNA_domain_or_region (0.364),G#DNA_substructure (0.436),G#DNA_molecule (0.573)
G#protein_N/A,G#protein_substructure (0.566),G#protein_domain_or_region (0.631),G#peptide (0.722)
G#protein_complex,G#protein_molecule (0.416),G#protein_subunit (0.425),G#protein_family_or_group (0.478)
G#protein_domain_or_region,G#protein_substructure (0.168),G#amino_acid_monomer (0.470),G#protein_family_or_group (0.578)
G#protein_family_or_group,G#protein_molecule (0.282),G#protein_complex (0.478),G#DNA_family_or_group (0.498)
G#protein_molecule,G#protein_family_or_group (0.282),G#protein_complex (0.416),G#cell_type (0.501)
G#protein_substructure,G#protein_domain_or_region (0.168),G#protein_family_or_group (0.525),G#peptide (0.542)
G#protein_subunit,G#protein_complex (0.425),G#protein_domain_or_region (0.597),G#protein_substructure (0.621)
G#tissue,G#body_part (0.292),G#multi_cell (0.409),G#cell_type (0.420)
G#virus,G#mono_cell (0.618),G#other_artificial_source (0.683),G#cell_type (0.702)