Tag	Unique	Total
O	9985	210357
B-G#other_name	2166	7464
B-G#protein_molecule	2110	12001
I-G#other_name	1428	7962
B-G#DNA_domain_or_region	1220	3708
B-G#protein_family_or_group	956	4390
I-G#protein_molecule	781	4871
I-G#DNA_domain_or_region	749	4399
B-G#other_organic_compound	735	2337
B-G#cell_line	615	1962
B-G#cell_type	606	3985
I-G#protein_family_or_group	542	4208
I-G#cell_line	406	3126
I-G#cell_type	334	4257
B-G#DNA_family_or_group	319	761
I-G#other_organic_compound	261	983
B-G#protein_domain_or_region	256	509
B-G#protein_complex	256	1247
B-G#lipid	222	1344
B-G#multi_cell	201	954
I-G#DNA_family_or_group	194	992
I-G#protein_domain_or_region	184	707
B-G#tissue	172	371
I-G#protein_complex	156	998
B-G#virus	153	1219
I-G#multi_cell	141	434
B-G#peptide	140	280
B-G#protein_subunit	131	459
I-G#tissue	131	375
B-G#DNA_molecule	124	225
I-G#DNA_molecule	118	283
B-G#body_part	107	231
B-G#amino_acid_monomer	104	455
I-G#virus	103	886
I-G#lipid	88	252
B-G#cell_component	85	378
B-G#polynucleotide	84	119
I-G#protein_subunit	75	334
B-G#RNA_molecule	75	133
I-G#peptide	65	152
I-G#cell_component	62	245
I-G#body_part	57	164
B-G#mono_cell	54	125
B-G#other_artificial_source	52	84
B-G#RNA_family_or_group	49	151
B-G#DNA_substructure	49	61
I-G#DNA_substructure	49	79
I-G#other_artificial_source	48	95
B-G#protein_substructure	41	65
I-G#protein_N/A	41	63
I-G#protein_substructure	41	72
B-G#nucleotide	40	140
I-G#mono_cell	39	103
I-G#polynucleotide	39	84
B-G#inorganic	38	151
B-G#atom	37	183
B-G#protein_N/A	35	51
I-G#RNA_molecule	32	165
I-G#RNA_family_or_group	31	113
B-G#carbohydrate	29	52
I-G#DNA_N/A	28	34
I-G#amino_acid_monomer	27	61
I-G#inorganic	21	66
B-G#DNA_N/A	20	30
I-G#carbohydrate	18	21
I-G#atom	17	29
I-G#nucleotide	11	36
I-G#RNA_domain_or_region	8	9
B-G#RNA_domain_or_region	6	9
B-G#RNA_N/A	5	11
I-G#RNA_N/A	5	5
I-(AND G#cell_type G#cell_type)	4	4
<PAD>	1	374950
B-(AND G#cell_type G#cell_type)	1	1